 "HOME A table Ballerz Bible Club Couple time","Leader(s) Ellinor, Kenzie J-F Olivier, Sophie JJ, B√©a","Description de la home (2 phrases max) Venez partager un d√Æner et un moment de convivialit√©, chacun apportant un plat, une entr√©e ou un dessert pour partager un repas autour de la table. Venez nous rejoindre pour un merveilleux moment de joie √† table. Nous allons partager la foi et la pratique du basketball. Pour les 14 ans et plus Rejoins-nous pour parcourir ensemble la Bible et la laisser nous √©difier.Cette Home est pour toi: passionn√©(e) de sa lecture ou encore toi qui as besoin de motivation ou de cl√©s pour t‚Äôy (re)mettre et ensemble nous aurons (de nouveau) le go√ªt de m√©diter la Parole de Dieu üòä Se rassembler entre couples,
apprendre √† s‚Äôinvestir dans sa
relation en pla√ßant Christ au centre
et apprendre les uns des autres.","Jour et Horaires un mercredi sur deux, 19h-21h Varie Vendredi, 19h30-21h30 Vendredi, 19h30-21h30","Fr√©quence 2 fois par mois 1 fois par mois 2 fois par mois 1 fois par mois","Date de la 1ere rencontre 11/03 ; 25/03 ; 08/04 ; 06/05 ; 20/05 ; 03/06 ; 17/06  ","Taille de teeshirt  L et S 4xl et 2xl","","","","","","","","","","","","","","","","","","",""
"Dance","Romane, Ruth","Viens apprendre √† danser pour Dieu sur des styles urbains, dans un esprit de partage, de bienveillance et de joie, o√π technique, expression et c≈ìur s‚Äôunissent pour Le glorifier.","Un lundi sur deux, 19h15-21h15","2 fois par mois","lundi 16 mars","XXL","","","","","","","","","","","","","","","","","","",""
"Drum'n'bass","Michael","Pour batteurs et bassistes du groupe worship ou non. Travailler des grooves et des arrangements basse/batterie ou seulement bosser la batterie, et pouvoir mettre en application durant les c√©l√©brations.  Le tout dans la bonne humeur, l'amusement, la cr√©ativit√©, sur des chants de styles vari√©s !","Samedi matin 10h","1 fois par mois","14 mars","M","","","","","","","","","","","","","","","","","","",""
"English","Noel, Kevin","If you already speak English or are looking to grow in your English, join us for a time of reflecting in God's word and shared moments together in English ! This will be a low pressure environment, all levels welcome !","un lundi sur deux, 19h-21h","1 fois par mois","","","","","","","","","","","","","","","","","","","","",""
"Famille (Colomiers)","Lydie, Chris","Rejoins-nous pour un moment de rencontre en famille, convivial, avec joie et bonne humeur  du c√¥t√© de colomiers. ","varie","1 fois par mois","","L et L ","","","","","","","","","","","","","","","","","","",""
"Famille (Grenade)","Laia, Samuel","Nous serons ravis de vous accueillir dans notre maison pour passer des moments de communion sous forme d'agapes en famille ! Exhortations, t√©moignages et plein d'autres choses encore !","dimanche apr√®s-midi ","1 fois par mois","","M et XL","","","","","","","","","","","","","","","","","","",""
"Famille (Tarabel)","Emma, Eliezer","Hello les familles ! Si vous avez √† c≈ìur de rencontrer, partager avec d‚Äôautres familles et vous en faire des amis, rdv √† Tarabel, n√¥tre fief depuis 2 ans maintenant ! ","Vendredi, a partir de 19h30","1 fois par mois","","","","","","","","","","","","","","","","","","","","",""
"Figth Club","Marie Laeticia, Thi Thu, Magalie","Si tu as un coeur d'intercesseur, viens passer une soir√©e de pri√®re √† nos c√¥t√©s. Nous prierons pour les sujets de pri√®re d√©pos√©s √† l'√©glise tout en se laissant guider par l'Esprit de Dieu","Un mardi soir sur deux, 19h-21h","2 fois par mois ","mardi 10/03/2026","","","","","","","","","","","","","","","","","","","",""
"First Step","Thibault, Audrey","√âtude des fondements de la vie
chr√©tienne pour nouveaux chr√©tiens ou
personnes en cheminement vers J√©sus.","Mardi 19h-21h","2 fois par mois","","L, L, XL","","","","","","","","","","","","","","","","","","",""
"Game Night","Lisa, Hugo, Ravaka, Eric","Un groupe pour partager un moment convivial, m√™lant foi et jeux de soci√©t√© (les mauvais perdants sont les bienvenus !).","Vendredi 19h30","2 fois par mois","vendredi 20/3/2026","S, XL, S et S","","","","","","","","","","","","","","","","","","",""
"Gentlemen","Jeremie,  Samuel","Partager de bons moments, grandir ensemble
en tant que fr√®res, se soutenir les uns les autres, avec Dieu au centre","
Un mercredi soir sur deux, 19h-21h","2 fois par mois","","","","","","","","","","","","","","","","","","","","",""
"Guitar Heros","Jeremie","Echange technique et pratique entre guitaristes, de l'√©quipe worship ou non, pour progresser ensemble.","Dimanche apr√®s-midi","1 fois par mois","","","","","","","","","","","","","","","","","","","","",""
"HOLY-G Home","Mathilde, Etienne, Max, Amandine","Holy-G Home, des rendez-vous entre jeunes pour parler de Dieu, partager nos vies, prier ensemble et grandir dans la foi. 
Simple, convivial et puissant. 
Un mercredi soir sur deux - √† l'√©glise
avec Etienne, Mathilde, Max et Amandine","Un mercredi soir sur deux","2 fois par mois","","S et L ","","","","","","","","","","","","","","","","","","",""
"Home Care","Nicole, Sylvie","Un parcours en 3 sessions pour cheminer face √† nos blessures et parfois nos traumatismes, dans la bienveillance et la confidentialit√©. Il est important de  participer au parcours en entier pour b√©n√©ficier de ce cheminement.","3 samedis matin","","","","","","","","","","","","","","","","","","","","","",""
"Home Cr√©a","Lola & Laurette","La Home cr√©a est l'opportunit√© d'exprimer et d'explorer  ta cr√©ativit√© tout en glorifiant Dieu. Peinture,  couture, dessin... grand artiste ou amateur, il y a une place pour toi !  Entre  joie, rire et pri√®re, venez passer des moments avec nous, un samedi par mois.","Samedi matin 10h ","1 fois par mois","21 mars","","","","","","","","","","","","","","","","","","","",""
"Home Leader","Manou","Tu es un leader, ou tu as √† c≈ìur de le devenir ? Veux-tu aider √† faire grandir les autres dans leur don ?
La Home Leader est faite pour toi.
Ensemble, nous explorerons les fondements d‚Äôun bon leader ainsi que les outils pour le devenir.","Un mardi soir sur deux, 19h-21h","2 fois par mois","","","","","","","","","","","","","","","","","","","","",""
"Home Mom's","Nesrine","Que tu sois une maman parfaite ou imparfaite, nous t'accueillons pour des temps de partages, de rires, d'encouragements et de pri√®res pour toi mais aussi pour tes enfants. 
Alors inscris-toi sans attendre √† la HOME MOM'S ","Mercredi soir ","2 fois par mois","","","","","","","","","","","","","","","","","","","","",""
"Home Photo","Laura Debenest","Tu aimes la photo tu as envie d'aller un peu plus loin ? On va se challenger, tester des techniques, revoir les bases et surtout s'amuser autour de l'univers cr√©atif de la photo !","Samedi apr√®s-midi","1 fois par mois","samedi 14 mars 2026","","","","","","","","","","","","","","","","","","","",""
"Kingdom Entrepreneurs","Guillaume","Un groupe destin√© aux entrepreneurs et porteurs de projets souhaitant concilier business et foi. Il se r√©unit pour √©changer sur des sujets m√™lant entrepreneuriat et valeurs chr√©tiennes et s'encourager mutuellement √† b√¢tir des entreprises ancr√©es dans le Royaume de Dieu.","Un mardi soir sur deux, 19h-21h","2 fois par mois","","M","","","","","","","","","","","","","","","","","","",""
"Ladies","Ketsia, Magalie","n espace de confiance 100 % f√©minin avec Christ au centre pour se livrer, se soutenir, passer des moments conviviaux afin de devenir des femmes √©panouies et enracin√©es dans la foi.","Samedi","","","","","","","","","","","","","","","","","","","","","",""
"Mari & Daddy","Olivier, J-F","Un groupe pour les maris et les papas (les fianc√©s sont les bienvenus), pour chercher ensemble la direction de Dieu pour nos vies, regarder des exemples d'hommes de la bible et pour partager nos v√©cus. ","Vendredi soir","2 fois par mois","","M et M","","","","","","","","","","","","","","","","","","",""
"Salt & Light","Laure, Ornella","Un groupe pour aller briller dans les rues de Toulouse ! Nous allons jongler entre des temps d'intercession, des marches de pri√®res dans la ville et des sorties d'Evang√©lisation cr√©atives.","Essentiellement les mardis","3 fois par mois","","S et XS","","","","","","","","","","","","","","","","","","",""
"Social Club","Maude & Justin","C√©libataire, s√©par√©(e), divorc√©(e) ?
Bienvenue au Social Club : une sortie une fois par mois, alliant fun et temps de qualit√©, partage et pri√®re.
Rejoins-nous !","Samedi apres-midi ","1 fois par mois","","","","","","","","","","","","","","","","","","","","",""
"Teenz","Laura, Boris, Thi Thu","Se rassembler entre ados de 11 √† 17 ans pour conna√Ætre J√©sus, d√©velopper une relation avec Lui et entre nous.","Le samedi de 18h √† 20h","1 fois par mois","","L et M (Thi Thu S)","","","","","","","","","","","","","","","","","","",""
"Th√©atre","Cl√©mentine, Chlo√©","Timide ou non, nous voulons exp√©rimenter la gloire de Dieu au travers du th√©√¢tre. Mouvements, sketchs, temps de pri√®re et de discussion, viens partager ce moment avec nous et d√©couvre toi dans l'art qu'est le th√©√¢tre !","Dimanche apr√®s-midi","1 fois par mois","","S et M","","","","","","","","","","","","","","","","","","",""
"Th√©o","Manou","Approfondir ensemble les √©critures et y
d√©couvrir encore plus le c≈ìur de Dieu.","Vendredi soir","1 fois par mois","","","","","","","","","","","","","","","","","","","","",""
"Worship workshop","Emilie, Matthieu","Si tu fais d√©j√† partie de LR Worshipteam, viens nous rejoindre un lundi soir par mois √† l'√©glise LR √† 20h pour continuer √† progresser ensemble dans l'apprentissage de certains chants et dans la construction des moments plus spontan√©s de louange.","Lundi soir, 20h","1 fois par mois","lundi 9 mars 2026","","","","","","","","","","","","","","","","","","","",""